event_date,gender,age,os,views,likes,messages_received,messages_sent,users_received,users_sent
17/05/22 00:00,female,14-18,Android,44513,9279,71,366,67,333
17/05/22 00:00,female,14-18,iOS,25076,5280,4,154,4,137
17/05/22 00:00,female,19-25,Android,95006,20121,50,495,48,443
17/05/22 00:00,female,19-25,iOS,49572,10695,0,161,0,156
17/05/22 00:00,female,26-45,Android,97803,21308,55,836,51,377
17/05/22 00:00,female,26-45,iOS,54091,11811,6,393,5,178
17/05/22 00:00,female,46-65,Android,17649,3725,2,273,1,94
17/05/22 00:00,female,46-65,iOS,8054,1755,0,153,0,54
17/05/22 00:00,female,66+,Android,614,150,0,7,0,3
17/05/22 00:00,female,66+,iOS,458,117,0,3,0,2
17/05/22 00:00,male,14-18,Android,35488,7525,5760,3983,5278,3718
17/05/22 00:00,male,14-18,iOS,20569,4440,4,67,3,65
17/05/22 00:00,male,19-25,Android,74174,15792,3234,3177,2756,2887
17/05/22 00:00,male,19-25,iOS,40743,8717,12,234,11,220
17/05/22 00:00,male,26-45,Android,76795,16376,662,1533,535,693
17/05/22 00:00,male,26-45,iOS,40779,8823,17,281,15,124
17/05/22 00:00,male,46-65,Android,12816,2783,7,194,4,68
17/05/22 00:00,male,46-65,iOS,8636,1878,0,85,0,30
17/05/22 00:00,male,66+,Android,402,82,0,8,0,4
17/05/22 00:00,male,66+,iOS,226,55,0,0,0,0
17/05/22 00:00,female,14-18,Android,44513,9279,71,366,67,333
17/05/22 00:00,female,14-18,iOS,25076,5280,4,154,4,137
17/05/22 00:00,female,19-25,Android,95006,20121,50,495,48,443
17/05/22 00:00,female,19-25,iOS,49572,10695,0,161,0,156
17/05/22 00:00,female,26-45,Android,97803,21308,55,836,51,377
17/05/22 00:00,female,26-45,iOS,54091,11811,6,393,5,178
17/05/22 00:00,female,46-65,Android,17649,3725,2,273,1,94
17/05/22 00:00,female,46-65,iOS,8054,1755,0,153,0,54
17/05/22 00:00,female,66+,Android,614,150,0,7,0,3
17/05/22 00:00,female,66+,iOS,458,117,0,3,0,2
17/05/22 00:00,male,14-18,Android,35488,7525,5760,3983,5278,3718
17/05/22 00:00,male,14-18,iOS,20569,4440,4,67,3,65
17/05/22 00:00,male,19-25,Android,74174,15792,3234,3177,2756,2887
17/05/22 00:00,male,19-25,iOS,40743,8717,12,234,11,220
17/05/22 00:00,male,26-45,Android,76795,16376,662,1533,535,693
17/05/22 00:00,male,26-45,iOS,40779,8823,17,281,15,124
17/05/22 00:00,male,46-65,Android,12816,2783,7,194,4,68
17/05/22 00:00,male,46-65,iOS,8636,1878,0,85,0,30
17/05/22 00:00,male,66+,Android,402,82,0,8,0,4
17/05/22 00:00,male,66+,iOS,226,55,0,0,0,0
18/05/22 00:00,female,14-18,Android,45235,10070,110,400,107,347
18/05/22 00:00,female,14-18,iOS,26195,5733,6,201,6,163
18/05/22 00:00,female,19-25,Android,97100,21571,151,680,147,642
18/05/22 00:00,female,19-25,iOS,49894,10681,6,211,6,197
18/05/22 00:00,female,26-45,Android,98502,21313,89,1009,81,562
18/05/22 00:00,female,26-45,iOS,56026,12073,7,395,6,227
18/05/22 00:00,female,46-65,Android,19912,4376,4,293,3,140
18/05/22 00:00,female,46-65,iOS,7975,1717,1,181,1,95
18/05/22 00:00,female,66+,Android,239,62,0,16,0,5
18/05/22 00:00,female,66+,iOS,300,62,0,0,0,0
18/05/22 00:00,male,14-18,Android,38110,8168,5036,3526,4732,3344
18/05/22 00:00,male,14-18,iOS,22230,5030,16,204,16,185
18/05/22 00:00,male,19-25,Android,76405,16861,3429,2996,3038,2785
18/05/22 00:00,male,19-25,iOS,41711,9293,24,263,24,246
18/05/22 00:00,male,26-45,Android,78977,17241,877,1472,640,823
18/05/22 00:00,male,26-45,iOS,41487,9186,15,351,14,194
18/05/22 00:00,male,46-65,Android,12378,2771,1,231,1,107
18/05/22 00:00,male,46-65,iOS,7635,1724,2,117,2,62
18/05/22 00:00,male,66+,Android,675,159,0,8,0,4
18/05/22 00:00,male,66+,iOS,306,85,0,6,0,2
19/05/22 00:00,female,14-18,Android,52843,11894,54,345,53,285
19/05/22 00:00,female,14-18,iOS,29439,6450,9,122,5,99
19/05/22 00:00,female,19-25,Android,114707,25357,78,528,75,503
19/05/22 00:00,female,19-25,iOS,58046,12988,0,160,0,156
19/05/22 00:00,female,26-45,Android,116534,25996,53,803,48,373
19/05/22 00:00,female,26-45,iOS,64719,14389,4,367,4,194
19/05/22 00:00,female,46-65,Android,19112,4231,0,251,0,81
19/05/22 00:00,female,46-65,iOS,9426,2170,0,112,0,43
19/05/22 00:00,female,66+,Android,808,169,0,8,0,4
19/05/22 00:00,female,66+,iOS,499,92,0,0,0,0
19/05/22 00:00,male,14-18,Android,45719,10137,5584,3860,4952,3653
19/05/22 00:00,male,14-18,iOS,24211,5347,9,119,9,106
19/05/22 00:00,male,19-25,Android,93282,20771,2988,3314,2846,2995
19/05/22 00:00,male,19-25,iOS,49520,11108,16,228,16,224
19/05/22 00:00,male,26-45,Android,93589,20635,990,1552,670,668
19/05/22 00:00,male,26-45,iOS,50909,11510,7,321,7,170
19/05/22 00:00,male,46-65,Android,16408,3664,3,204,3,80
19/05/22 00:00,male,46-65,iOS,8392,1884,0,116,0,42
19/05/22 00:00,male,66+,Android,649,137,0,2,0,2
19/05/22 00:00,male,66+,iOS,317,78,0,8,0,2
20/05/22 00:00,female,14-18,Android,52112,10980,76,497,72,437
20/05/22 00:00,female,14-18,iOS,26056,5514,1,199,1,175
20/05/22 00:00,female,19-25,Android,103523,21451,83,629,78,593
20/05/22 00:00,female,19-25,iOS,56579,11780,0,160,0,154
20/05/22 00:00,female,26-45,Android,105624,22028,68,987,59,454
20/05/22 00:00,female,26-45,iOS,54704,11333,1,304,1,121
20/05/22 00:00,female,46-65,Android,17402,3588,0,318,0,92
20/05/22 00:00,female,46-65,iOS,8449,1775,0,110,0,37
20/05/22 00:00,female,66+,Android,613,136,0,18,0,9
20/05/22 00:00,female,66+,iOS,41,8,0,9,0,2
20/05/22 00:00,male,14-18,Android,40019,8288,5735,3750,5152,3489
20/05/22 00:00,male,14-18,iOS,21216,4518,21,225,21,200
20/05/22 00:00,male,19-25,Android,78501,16454,2860,2968,2682,2620
20/05/22 00:00,male,19-25,iOS,45555,9711,15,268,14,251
20/05/22 00:00,male,26-45,Android,80838,16853,629,1517,494,646
20/05/22 00:00,male,26-45,iOS,44946,9492,9,294,9,155
20/05/22 00:00,male,46-65,Android,15207,3149,0,198,0,73
20/05/22 00:00,male,46-65,iOS,7815,1643,0,68,0,31
20/05/22 00:00,male,66+,Android,392,86,0,7,0,2
20/05/22 00:00,male,66+,iOS,266,51,0,2,0,1
21/05/22 00:00,female,14-18,Android,43022,9185,94,414,93,378
21/05/22 00:00,female,14-18,iOS,24017,5095,4,189,4,168
21/05/22 00:00,female,19-25,Android,88394,18958,123,679,117,656
21/05/22 00:00,female,19-25,iOS,45076,9757,18,232,18,219
21/05/22 00:00,female,26-45,Android,86489,18650,89,790,86,447
21/05/22 00:00,female,26-45,iOS,48555,10616,16,403,14,241
21/05/22 00:00,female,46-65,Android,16004,3413,3,215,3,107
21/05/22 00:00,female,46-65,iOS,8312,1757,6,201,3,108
21/05/22 00:00,female,66+,Android,477,108,0,2,0,2
21/05/22 00:00,female,66+,iOS,310,67,0,8,0,4
21/05/22 00:00,male,14-18,Android,33478,7308,5744,3784,5173,3569
21/05/22 00:00,male,14-18,iOS,18091,3972,21,191,21,164
21/05/22 00:00,male,19-25,Android,69052,15080,2673,2729,2584,2569
21/05/22 00:00,male,19-25,iOS,38652,8565,32,264,32,255
21/05/22 00:00,male,26-45,Android,72967,15640,1349,1735,1039,1034
21/05/22 00:00,male,26-45,iOS,37899,8329,18,296,17,195
21/05/22 00:00,male,46-65,Android,12426,2662,21,310,16,144
21/05/22 00:00,male,46-65,iOS,7078,1576,3,131,2,57
21/05/22 00:00,male,66+,Android,453,104,0,3,0,2
21/05/22 00:00,male,66+,iOS,162,41,0,4,0,2
22/05/22 00:00,female,14-18,Android,36335,7307,77,352,75,284
22/05/22 00:00,female,14-18,iOS,20159,4093,9,225,8,183
22/05/22 00:00,female,19-25,Android,80319,16070,91,623,88,589
22/05/22 00:00,female,19-25,iOS,44367,9143,2,251,2,238
22/05/22 00:00,female,26-45,Android,83598,17103,48,770,43,420
22/05/22 00:00,female,26-45,iOS,46808,9468,9,352,9,167
22/05/22 00:00,female,46-65,Android,15416,3068,8,257,6,103
22/05/22 00:00,female,46-65,iOS,8077,1678,0,207,0,88
22/05/22 00:00,female,66+,Android,477,103,0,3,0,2
22/05/22 00:00,female,66+,iOS,308,62,0,0,0,0
22/05/22 00:00,male,14-18,Android,32202,6424,5101,3555,4750,3267
22/05/22 00:00,male,14-18,iOS,17281,3483,18,195,15,153
22/05/22 00:00,male,19-25,Android,65962,13426,3190,3154,2965,2873
22/05/22 00:00,male,19-25,iOS,34953,6975,7,228,7,222
22/05/22 00:00,male,26-45,Android,68957,13860,1276,1492,785,749
22/05/22 00:00,male,26-45,iOS,36646,7114,12,343,10,180
22/05/22 00:00,male,46-65,Android,11593,2349,14,326,13,111
22/05/22 00:00,male,46-65,iOS,5296,1040,3,154,2,60
22/05/22 00:00,male,66+,Android,419,64,0,13,0,4
22/05/22 00:00,male,66+,iOS,145,32,0,0,0,0
23/05/22 00:00,female,14-18,Android,37473,7790,95,343,81,299
23/05/22 00:00,female,14-18,iOS,20956,4209,3,172,3,152
23/05/22 00:00,female,19-25,Android,82880,16441,92,675,91,636
23/05/22 00:00,female,19-25,iOS,44190,8775,1,143,1,140
23/05/22 00:00,female,26-45,Android,85891,17441,55,749,51,381
23/05/22 00:00,female,26-45,iOS,45424,9099,5,303,5,184
23/05/22 00:00,female,46-65,Android,13971,2736,1,298,1,100
23/05/22 00:00,female,46-65,iOS,8475,1755,0,108,0,47
23/05/22 00:00,female,66+,Android,591,138,0,1,0,1
23/05/22 00:00,female,66+,iOS,246,49,0,0,0,0
23/05/22 00:00,male,14-18,Android,33780,6873,6059,4048,5459,3822
23/05/22 00:00,male,14-18,iOS,17986,3650,9,138,7,116
23/05/22 00:00,male,19-25,Android,70082,14181,3123,3254,2788,2948
23/05/22 00:00,male,19-25,iOS,37630,7819,5,190,5,183
23/05/22 00:00,male,26-45,Android,69372,14137,837,1423,643,666
23/05/22 00:00,male,26-45,iOS,39126,7892,17,224,16,131
23/05/22 00:00,male,46-65,Android,11944,2500,8,281,8,105
23/05/22 00:00,male,46-65,iOS,7281,1561,0,173,0,55
23/05/22 00:00,male,66+,Android,436,85,0,4,0,2
23/05/22 00:00,male,66+,iOS,293,68,0,0,0,0
24/05/22 00:00,female,14-18,Android,39536,7777,103,471,101,445
24/05/22 00:00,female,14-18,iOS,20040,4009,3,169,3,148
24/05/22 00:00,female,19-25,Android,81430,16176,179,778,173,746
24/05/22 00:00,female,19-25,iOS,45897,9161,8,209,8,206
24/05/22 00:00,female,26-45,Android,81813,16167,64,769,63,462
24/05/22 00:00,female,26-45,iOS,45529,9188,5,450,4,267
24/05/22 00:00,female,46-65,Android,13211,2681,1,364,1,158
24/05/22 00:00,female,46-65,iOS,7370,1445,0,181,0,80
24/05/22 00:00,female,66+,Android,529,99,0,2,0,2
24/05/22 00:00,female,66+,iOS,193,36,0,7,0,5
24/05/22 00:00,male,14-18,Android,29529,5889,5751,3709,5238,3551
24/05/22 00:00,male,14-18,iOS,16826,3332,14,152,14,142
24/05/22 00:00,male,19-25,Android,64829,12836,3430,2788,2917,2593
24/05/22 00:00,male,19-25,iOS,33829,6870,27,224,27,215
24/05/22 00:00,male,26-45,Android,66266,13315,761,1316,605,750
24/05/22 00:00,male,26-45,iOS,34199,6901,32,385,30,229
24/05/22 00:00,male,46-65,Android,12021,2496,27,258,17,123
24/05/22 00:00,male,46-65,iOS,6259,1269,0,93,0,45
24/05/22 00:00,male,66+,Android,502,92,0,0,0,0
24/05/22 00:00,male,66+,iOS,138,27,0,2,0,1
25/05/22 00:00,female,14-18,Android,34111,6959,59,439,58,398
25/05/22 00:00,female,14-18,iOS,18072,3613,3,178,3,155
25/05/22 00:00,female,19-25,Android,69820,13922,82,604,81,560
25/05/22 00:00,female,19-25,iOS,36491,7337,0,234,0,228
25/05/22 00:00,female,26-45,Android,71623,14540,48,780,45,373
25/05/22 00:00,female,26-45,iOS,38893,7841,6,390,5,190
25/05/22 00:00,female,46-65,Android,11789,2410,7,288,4,115
25/05/22 00:00,female,46-65,iOS,6135,1328,1,211,1,69
25/05/22 00:00,female,66+,Android,380,81,0,2,0,2
25/05/22 00:00,female,66+,iOS,200,44,0,3,0,2
25/05/22 00:00,male,14-18,Android,26445,5410,5936,4002,5493,3805
25/05/22 00:00,male,14-18,iOS,15318,3138,8,155,8,146
25/05/22 00:00,male,19-25,Android,57601,11381,2898,2936,2606,2701
25/05/22 00:00,male,19-25,iOS,29877,5933,17,237,17,231
25/05/22 00:00,male,26-45,Android,57549,11871,832,1308,547,560
25/05/22 00:00,male,26-45,iOS,30960,6322,9,321,8,163
25/05/22 00:00,male,46-65,Android,10076,2020,6,237,5,83
25/05/22 00:00,male,46-65,iOS,4851,1056,0,172,0,60
25/05/22 00:00,male,66+,Android,453,90,0,15,0,5
25/05/22 00:00,male,66+,iOS,214,45,0,0,0,0
26/05/22 00:00,female,14-18,Android,33806,6601,66,412,65,367
26/05/22 00:00,female,14-18,iOS,18056,3580,4,126,4,111
26/05/22 00:00,female,19-25,Android,66715,13103,59,606,56,577
26/05/22 00:00,female,19-25,iOS,34962,6880,1,166,1,160
26/05/22 00:00,female,26-45,Android,71437,14081,60,733,57,372
26/05/22 00:00,female,26-45,iOS,34623,6758,4,347,4,150
26/05/22 00:00,female,46-65,Android,12950,2540,9,320,6,120
26/05/22 00:00,female,46-65,iOS,6191,1317,0,207,0,73
26/05/22 00:00,female,66+,Android,426,68,0,0,0,0
26/05/22 00:00,female,66+,iOS,186,26,0,17,0,4
26/05/22 00:00,male,14-18,Android,27423,5383,5303,3811,5038,3581
26/05/22 00:00,male,14-18,iOS,13455,2596,6,160,6,133
26/05/22 00:00,male,19-25,Android,55152,10808,3118,3329,2952,2999
26/05/22 00:00,male,19-25,iOS,28250,5583,7,234,7,220
26/05/22 00:00,male,26-45,Android,56203,10969,620,1440,551,706
26/05/22 00:00,male,26-45,iOS,30042,5861,5,332,4,189
26/05/22 00:00,male,46-65,Android,10002,2006,4,235,4,76
26/05/22 00:00,male,46-65,iOS,5852,1195,1,99,1,40
26/05/22 00:00,male,66+,Android,158,30,0,16,0,4
26/05/22 00:00,male,66+,iOS,165,49,0,0,0,0
27/05/22 00:00,female,14-18,Android,38605,8119,114,545,111,476
27/05/22 00:00,female,14-18,iOS,21600,4522,15,167,15,151
27/05/22 00:00,female,19-25,Android,82834,17376,150,659,147,636
27/05/22 00:00,female,19-25,iOS,44975,9381,16,275,16,262
27/05/22 00:00,female,26-45,Android,85387,17959,86,977,82,568
27/05/22 00:00,female,26-45,iOS,46129,9614,5,459,5,273
27/05/22 00:00,female,46-65,Android,14093,2882,4,298,3,141
27/05/22 00:00,female,46-65,iOS,8338,1794,0,249,0,98
27/05/22 00:00,female,66+,Android,685,143,0,20,0,8
27/05/22 00:00,female,66+,iOS,195,39,0,2,0,2
27/05/22 00:00,male,14-18,Android,32787,6871,4948,3309,4667,3072
27/05/22 00:00,male,14-18,iOS,17673,3812,26,181,26,168
27/05/22 00:00,male,19-25,Android,67052,14036,2691,2694,2562,2486
27/05/22 00:00,male,19-25,iOS,33711,7041,48,314,47,301
27/05/22 00:00,male,26-45,Android,67732,13975,884,1541,721,893
27/05/22 00:00,male,26-45,iOS,37890,7945,15,363,15,190
27/05/22 00:00,male,46-65,Android,11339,2409,9,309,8,165
27/05/22 00:00,male,46-65,iOS,6117,1355,0,102,0,50
27/05/22 00:00,male,66+,Android,595,113,0,10,0,6
27/05/22 00:00,male,66+,iOS,220,51,0,6,0,4
28/05/22 00:00,female,14-18,Android,36863,7924,77,504,77,426
28/05/22 00:00,female,14-18,iOS,21043,4380,1,181,1,145
28/05/22 00:00,female,19-25,Android,77656,16429,110,661,104,631
28/05/22 00:00,female,19-25,iOS,40873,8734,5,261,5,244
28/05/22 00:00,female,26-45,Android,83274,17977,42,884,39,432
28/05/22 00:00,female,26-45,iOS,45560,9431,3,317,3,145
28/05/22 00:00,female,46-65,Android,14032,2910,1,373,1,126
28/05/22 00:00,female,46-65,iOS,7526,1672,3,160,1,56
28/05/22 00:00,female,66+,Android,418,87,0,13,0,4
28/05/22 00:00,female,66+,iOS,268,52,0,12,0,2
28/05/22 00:00,male,14-18,Android,31771,6768,5221,3681,4939,3438
28/05/22 00:00,male,14-18,iOS,17581,3709,2,106,2,89
28/05/22 00:00,male,19-25,Android,65952,14053,2843,2818,2571,2585
28/05/22 00:00,male,19-25,iOS,35057,7282,15,209,15,198
28/05/22 00:00,male,26-45,Android,65367,13660,677,1576,609,769
28/05/22 00:00,male,26-45,iOS,35098,7575,14,318,9,171
28/05/22 00:00,male,46-65,Android,10972,2215,1,270,1,106
28/05/22 00:00,male,46-65,iOS,5973,1254,1,101,1,41
28/05/22 00:00,male,66+,Android,297,51,0,11,0,3
28/05/22 00:00,male,66+,iOS,334,94,0,20,0,6
29/05/22 00:00,female,14-18,Android,47099,9913,68,394,67,341
29/05/22 00:00,female,14-18,iOS,24963,5424,1,218,1,183
29/05/22 00:00,female,19-25,Android,101435,21245,60,631,58,600
29/05/22 00:00,female,19-25,iOS,49047,10474,7,265,7,258
29/05/22 00:00,female,26-45,Android,97420,20776,45,892,43,436
29/05/22 00:00,female,26-45,iOS,53865,11573,5,334,5,160
29/05/22 00:00,female,46-65,Android,16584,3623,6,356,4,123
29/05/22 00:00,female,46-65,iOS,9316,2023,0,198,0,72
29/05/22 00:00,female,66+,Android,749,203,0,13,0,6
29/05/22 00:00,female,66+,iOS,288,68,0,16,0,4
29/05/22 00:00,male,14-18,Android,37412,7874,5465,3658,5016,3420
29/05/22 00:00,male,14-18,iOS,19571,4166,13,157,13,135
29/05/22 00:00,male,19-25,Android,78780,16580,3548,3046,2946,2718
29/05/22 00:00,male,19-25,iOS,41392,8648,8,241,8,238
29/05/22 00:00,male,26-45,Android,79687,16966,614,1378,544,704
29/05/22 00:00,male,26-45,iOS,44855,9421,9,319,9,160
29/05/22 00:00,male,46-65,Android,14003,3003,7,210,7,101
29/05/22 00:00,male,46-65,iOS,8627,1886,0,90,0,38
29/05/22 00:00,male,66+,Android,586,125,0,21,0,4
29/05/22 00:00,male,66+,iOS,352,65,0,6,0,2
30/05/22 00:00,female,14-18,Android,44368,9005,90,420,88,349
30/05/22 00:00,female,14-18,iOS,23583,4850,0,184,0,150
30/05/22 00:00,female,19-25,Android,92612,18948,173,722,171,699
30/05/22 00:00,female,19-25,iOS,48067,9801,9,285,9,279
30/05/22 00:00,female,26-45,Android,89074,18447,100,903,94,557
30/05/22 00:00,female,26-45,iOS,51011,10355,12,528,12,318
30/05/22 00:00,female,46-65,Android,16278,3145,2,260,2,125
30/05/22 00:00,female,46-65,iOS,8082,1631,1,150,1,81
30/05/22 00:00,female,66+,Android,843,181,0,6,0,4
30/05/22 00:00,female,66+,iOS,329,59,0,12,0,7
30/05/22 00:00,male,14-18,Android,34338,6787,4686,3057,4460,2861
30/05/22 00:00,male,14-18,iOS,17758,3561,20,219,19,182
30/05/22 00:00,male,19-25,Android,73362,15073,3260,3105,3076,2865
30/05/22 00:00,male,19-25,iOS,38843,7821,42,301,41,300
30/05/22 00:00,male,26-45,Android,75964,15664,769,1538,673,924
30/05/22 00:00,male,26-45,iOS,40377,8305,25,382,23,253
30/05/22 00:00,male,46-65,Android,14553,2944,33,356,20,174
30/05/22 00:00,male,46-65,iOS,7623,1646,3,126,2,79
30/05/22 00:00,male,66+,Android,518,114,0,8,0,5
30/05/22 00:00,male,66+,iOS,340,70,0,0,0,0
31/05/22 00:00,female,14-18,Android,47906,10207,46,424,45,370
31/05/22 00:00,female,14-18,iOS,26535,5664,4,158,3,139
31/05/22 00:00,female,19-25,Android,101448,21759,129,606,126,593
31/05/22 00:00,female,19-25,iOS,50625,10966,7,182,7,175
31/05/22 00:00,female,26-45,Android,98217,21092,38,717,36,373
31/05/22 00:00,female,26-45,iOS,56651,12081,4,365,3,206
31/05/22 00:00,female,46-65,Android,17980,3830,1,283,1,121
31/05/22 00:00,female,46-65,iOS,10637,2343,0,154,0,70
31/05/22 00:00,female,66+,Android,648,173,0,0,0,0
31/05/22 00:00,female,66+,iOS,613,152,0,0,0,0
31/05/22 00:00,male,14-18,Android,38605,8221,4918,3514,4719,3319
31/05/22 00:00,male,14-18,iOS,20782,4412,5,122,5,113
31/05/22 00:00,male,19-25,Android,83761,17933,3304,3282,3004,3024
31/05/22 00:00,male,19-25,iOS,47085,9945,8,199,8,189
31/05/22 00:00,male,26-45,Android,86555,18540,775,1602,694,852
31/05/22 00:00,male,26-45,iOS,45297,9700,8,301,8,179
31/05/22 00:00,male,46-65,Android,14917,3243,22,272,18,124
31/05/22 00:00,male,46-65,iOS,7161,1574,0,154,0,52
31/05/22 00:00,male,66+,Android,282,63,0,5,0,2
31/05/22 00:00,male,66+,iOS,271,64,0,0,0,0
01/06/22 00:00,female,14-18,Android,45626,9688,58,462,57,380
01/06/22 00:00,female,14-18,iOS,24023,4949,2,168,2,132
01/06/22 00:00,female,19-25,Android,103355,21645,82,638,80,604
01/06/22 00:00,female,19-25,iOS,56596,12026,5,173,5,172
01/06/22 00:00,female,26-45,Android,103259,22019,42,845,38,428
01/06/22 00:00,female,26-45,iOS,55951,11923,5,431,5,215
01/06/22 00:00,female,46-65,Android,16699,3494,5,302,2,111
01/06/22 00:00,female,46-65,iOS,8934,1902,2,174,1,63
01/06/22 00:00,female,66+,Android,386,89,0,12,0,5
01/06/22 00:00,female,66+,iOS,371,73,0,13,0,4
01/06/22 00:00,male,14-18,Android,39030,8115,5343,3593,4949,3299
01/06/22 00:00,male,14-18,iOS,20227,4323,12,182,11,143
01/06/22 00:00,male,19-25,Android,85023,17906,2924,2973,2785,2723
01/06/22 00:00,male,19-25,iOS,43859,9200,12,279,12,272
01/06/22 00:00,male,26-45,Android,79624,17002,788,1626,695,843
01/06/22 00:00,male,26-45,iOS,43766,9253,10,348,10,185
01/06/22 00:00,male,46-65,Android,13576,2857,13,290,10,121
01/06/22 00:00,male,46-65,iOS,7471,1638,0,95,0,38
01/06/22 00:00,male,66+,Android,745,160,0,9,0,3
01/06/22 00:00,male,66+,iOS,346,55,0,0,0,0
02/06/22 00:00,female,14-18,Android,41214,8890,127,367,124,349
02/06/22 00:00,female,14-18,iOS,23402,5153,7,162,7,149
02/06/22 00:00,female,19-25,Android,91670,19832,189,718,188,688
02/06/22 00:00,female,19-25,iOS,46360,10255,15,248,15,237
02/06/22 00:00,female,26-45,Android,94383,20693,68,850,66,530
02/06/22 00:00,female,26-45,iOS,52200,11472,10,393,10,239
02/06/22 00:00,female,46-65,Android,15357,3239,6,300,6,143
02/06/22 00:00,female,46-65,iOS,9588,2083,2,156,2,82
02/06/22 00:00,female,66+,Android,505,108,0,10,0,4
02/06/22 00:00,female,66+,iOS,266,64,0,0,0,0
02/06/22 00:00,male,14-18,Android,36182,8045,5263,3684,4985,3498
02/06/22 00:00,male,14-18,iOS,19515,4212,31,148,28,142
02/06/22 00:00,male,19-25,Android,73613,16010,3286,2979,2941,2807
02/06/22 00:00,male,19-25,iOS,40440,8864,22,214,22,199
02/06/22 00:00,male,26-45,Android,78688,17332,914,1575,780,951
02/06/22 00:00,male,26-45,iOS,40618,8758,21,312,19,200
02/06/22 00:00,male,46-65,Android,14055,3064,26,265,17,147
02/06/22 00:00,male,46-65,iOS,7295,1716,0,144,0,75
02/06/22 00:00,male,66+,Android,400,75,0,0,0,0
02/06/22 00:00,male,66+,iOS,221,42,0,11,0,6
03/06/22 00:00,female,14-18,Android,42219,9089,73,430,72,368
03/06/22 00:00,female,14-18,iOS,22642,5051,1,175,1,159
03/06/22 00:00,female,19-25,Android,90076,19269,83,547,80,528
03/06/22 00:00,female,19-25,iOS,49037,10809,3,189,3,185
03/06/22 00:00,female,26-45,Android,92386,20000,37,581,35,293
03/06/22 00:00,female,26-45,iOS,48519,10724,6,269,6,136
03/06/22 00:00,female,46-65,Android,14671,3090,1,214,1,92
03/06/22 00:00,female,46-65,iOS,8407,1858,0,122,0,59
03/06/22 00:00,female,66+,Android,485,112,0,4,0,2
03/06/22 00:00,female,66+,iOS,367,79,0,9,0,2
03/06/22 00:00,male,14-18,Android,35386,7624,5201,3864,4972,3636
03/06/22 00:00,male,14-18,iOS,17964,3941,11,144,11,130
03/06/22 00:00,male,19-25,Android,72152,15780,3364,3219,2971,2969
03/06/22 00:00,male,19-25,iOS,38224,8387,22,223,21,213
03/06/22 00:00,male,26-45,Android,76381,16471,943,1854,813,956
03/06/22 00:00,male,26-45,iOS,40607,8882,17,268,16,145
03/06/22 00:00,male,46-65,Android,12579,2711,22,268,21,151
03/06/22 00:00,male,46-65,iOS,6718,1413,1,124,1,54
03/06/22 00:00,male,66+,Android,257,58,0,10,0,4
03/06/22 00:00,male,66+,iOS,545,130,0,7,0,2
04/06/22 00:00,female,14-18,Android,36499,7975,72,429,70,373
04/06/22 00:00,female,14-18,iOS,21389,4750,0,158,0,151
04/06/22 00:00,female,19-25,Android,80205,17398,85,616,83,597
04/06/22 00:00,female,19-25,iOS,41955,9134,4,186,4,181
04/06/22 00:00,female,26-45,Android,82706,17793,38,776,38,395
04/06/22 00:00,female,26-45,iOS,45510,10063,1,302,1,188
04/06/22 00:00,female,46-65,Android,14642,3148,0,283,0,108
04/06/22 00:00,female,46-65,iOS,8103,1682,0,163,0,55
04/06/22 00:00,female,66+,Android,333,66,0,9,0,4
04/06/22 00:00,female,66+,iOS,381,71,0,0,0,0
04/06/22 00:00,male,14-18,Android,33328,7293,5541,3877,5108,3685
04/06/22 00:00,male,14-18,iOS,18583,4166,13,122,13,113
04/06/22 00:00,male,19-25,Android,67790,14627,3601,3151,3117,2910
04/06/22 00:00,male,19-25,iOS,33524,7239,22,224,22,207
04/06/22 00:00,male,26-45,Android,69039,15252,740,1494,685,826
04/06/22 00:00,male,26-45,iOS,39534,8529,10,358,10,194
04/06/22 00:00,male,46-65,Android,11280,2487,17,230,12,105
04/06/22 00:00,male,46-65,iOS,7433,1598,0,162,0,55
04/06/22 00:00,male,66+,Android,317,47,0,7,0,2
04/06/22 00:00,male,66+,iOS,234,48,0,0,0,0
05/06/22 00:00,female,14-18,Android,48316,10554,168,625,165,549
05/06/22 00:00,female,14-18,iOS,26987,5926,3,178,3,154
05/06/22 00:00,female,19-25,Android,100478,21876,150,648,147,627
05/06/22 00:00,female,19-25,iOS,53729,11837,11,282,11,276
05/06/22 00:00,female,26-45,Android,108294,23383,99,970,92,594
05/06/22 00:00,female,26-45,iOS,58371,12829,17,400,15,258
05/06/22 00:00,female,46-65,Android,18751,4128,8,252,7,140
05/06/22 00:00,female,46-65,iOS,9670,2127,0,188,0,87
05/06/22 00:00,female,66+,Android,1001,209,0,0,0,0
05/06/22 00:00,female,66+,iOS,383,75,0,0,0,0
05/06/22 00:00,male,14-18,Android,40800,8778,5318,3488,4953,3313
05/06/22 00:00,male,14-18,iOS,21919,4842,21,145,21,124
05/06/22 00:00,male,19-25,Android,86348,18927,3270,3006,3095,2834
05/06/22 00:00,male,19-25,iOS,44335,9643,44,216,44,211
05/06/22 00:00,male,26-45,Android,85473,18726,800,1446,711,901
05/06/22 00:00,male,26-45,iOS,46811,10178,17,322,17,220
05/06/22 00:00,male,46-65,Android,14389,3076,11,255,8,139
05/06/22 00:00,male,46-65,iOS,8683,1825,4,184,4,99
05/06/22 00:00,male,66+,Android,689,169,0,0,0,0
05/06/22 00:00,male,66+,iOS,272,45,0,0,0,0
06/06/22 00:00,female,14-18,Android,51392,11421,45,430,44,336
06/06/22 00:00,female,14-18,iOS,26431,5806,0,142,0,113
06/06/22 00:00,female,19-25,Android,110989,23907,115,660,109,632
06/06/22 00:00,female,19-25,iOS,57894,12552,4,211,4,210
06/06/22 00:00,female,26-45,Android,109830,23919,56,839,56,434
06/06/22 00:00,female,26-45,iOS,62308,13613,7,446,7,249
06/06/22 00:00,female,46-65,Android,19630,4182,2,310,2,146
06/06/22 00:00,female,46-65,iOS,10698,2319,0,233,0,107
06/06/22 00:00,female,66+,Android,715,159,0,0,0,0
06/06/22 00:00,female,66+,iOS,204,53,0,26,0,8
06/06/22 00:00,male,14-18,Android,42693,9202,4895,3267,4639,3010
06/06/22 00:00,male,14-18,iOS,22635,4878,9,132,8,118
06/06/22 00:00,male,19-25,Android,86012,18769,3056,3247,2932,3030
06/06/22 00:00,male,19-25,iOS,46230,10057,22,258,20,253
06/06/22 00:00,male,26-45,Android,87142,19124,688,1667,616,820
06/06/22 00:00,male,26-45,iOS,47870,10296,22,391,20,192
06/06/22 00:00,male,46-65,Android,13931,2989,22,246,17,116
06/06/22 00:00,male,46-65,iOS,8122,1762,6,122,5,57
06/06/22 00:00,male,66+,Android,464,112,0,17,0,6
06/06/22 00:00,male,66+,iOS,353,84,0,0,0,0
07/06/22 00:00,female,14-18,Android,56802,12615,69,502,66,429
07/06/22 00:00,female,14-18,iOS,31356,7046,2,179,1,145
07/06/22 00:00,female,19-25,Android,122614,27518,76,667,75,628
07/06/22 00:00,female,19-25,iOS,65316,14795,2,180,2,176
07/06/22 00:00,female,26-45,Android,131905,29301,43,792,41,403
07/06/22 00:00,female,26-45,iOS,70550,15753,5,418,5,230
07/06/22 00:00,female,46-65,Android,21180,4693,5,286,4,125
07/06/22 00:00,female,46-65,iOS,11094,2572,1,207,1,83
07/06/22 00:00,female,66+,Android,527,105,0,8,0,2
07/06/22 00:00,female,66+,iOS,398,68,0,30,0,8
07/06/22 00:00,male,14-18,Android,48755,10853,5345,3538,4908,3264
07/06/22 00:00,male,14-18,iOS,24639,5515,7,161,7,128
07/06/22 00:00,male,19-25,Android,102643,22984,3009,2996,2807,2727
07/06/22 00:00,male,19-25,iOS,52228,11710,20,232,20,228
07/06/22 00:00,male,26-45,Android,103257,23078,777,1555,655,791
07/06/22 00:00,male,26-45,iOS,53546,12017,14,387,14,181
07/06/22 00:00,male,46-65,Android,19258,4301,11,215,9,95
07/06/22 00:00,male,46-65,iOS,9644,2163,0,148,0,53
07/06/22 00:00,male,66+,Android,1055,247,0,22,0,6
07/06/22 00:00,male,66+,iOS,326,83,0,0,0,0
08/06/22 00:00,female,14-18,Android,55365,12485,119,452,117,425
08/06/22 00:00,female,14-18,iOS,31071,7132,5,177,5,156
08/06/22 00:00,female,19-25,Android,116250,26453,203,820,200,796
08/06/22 00:00,female,19-25,iOS,62068,14206,10,262,10,254
08/06/22 00:00,female,26-45,Android,127246,28873,99,863,96,536
08/06/22 00:00,female,26-45,iOS,68416,15699,7,358,7,226
08/06/22 00:00,female,46-65,Android,20125,4553,5,285,4,154
08/06/22 00:00,female,46-65,iOS,11668,2697,0,166,0,93
08/06/22 00:00,female,66+,Android,717,182,0,4,0,2
08/06/22 00:00,female,66+,iOS,191,47,0,7,0,4
08/06/22 00:00,male,14-18,Android,48993,11195,5013,3442,4730,3291
08/06/22 00:00,male,14-18,iOS,25567,5905,29,186,27,167
08/06/22 00:00,male,19-25,Android,101056,23006,3459,2860,3065,2693
08/06/22 00:00,male,19-25,iOS,52975,12293,41,236,40,231
08/06/22 00:00,male,26-45,Android,97565,22376,1642,1571,1058,956
08/06/22 00:00,male,26-45,iOS,54357,12338,30,418,29,228
08/06/22 00:00,male,46-65,Android,16300,3845,12,232,10,111
08/06/22 00:00,male,46-65,iOS,10646,2506,1,110,1,61
08/06/22 00:00,male,66+,Android,709,167,0,6,0,2
08/06/22 00:00,male,66+,iOS,371,90,0,5,0,2
09/06/22 00:00,female,14-18,Android,48171,11074,74,401,74,367
09/06/22 00:00,female,14-18,iOS,25287,5655,2,158,2,152
09/06/22 00:00,female,19-25,Android,108029,24464,92,552,90,541
09/06/22 00:00,female,19-25,iOS,62515,14010,0,182,0,177
09/06/22 00:00,female,26-45,Android,113307,25298,54,720,52,413
09/06/22 00:00,female,26-45,iOS,59991,13601,4,393,4,199
09/06/22 00:00,female,46-65,Android,20965,4831,0,225,0,91
09/06/22 00:00,female,46-65,iOS,10746,2353,0,155,0,61
09/06/22 00:00,female,66+,Android,644,149,0,0,0,0
09/06/22 00:00,female,66+,iOS,283,51,0,3,0,1
09/06/22 00:00,male,14-18,Android,43230,9787,5615,4024,5232,3908
09/06/22 00:00,male,14-18,iOS,23312,5211,5,154,5,137
09/06/22 00:00,male,19-25,Android,91054,20417,3417,3011,2918,2802
09/06/22 00:00,male,19-25,iOS,48660,10966,6,143,6,139
09/06/22 00:00,male,26-45,Android,88103,20091,951,1554,745,858
09/06/22 00:00,male,26-45,iOS,48336,10780,11,345,11,154
09/06/22 00:00,male,46-65,Android,15352,3447,7,230,3,79
09/06/22 00:00,male,46-65,iOS,7762,1847,0,173,0,60
09/06/22 00:00,male,66+,Android,903,191,0,0,0,0
09/06/22 00:00,male,66+,iOS,410,76,0,0,0,0
10/06/22 00:00,female,14-18,Android,52316,11689,37,451,37,420
10/06/22 00:00,female,14-18,iOS,25787,5941,0,132,0,106
10/06/22 00:00,female,19-25,Android,105794,23628,94,603,91,573
10/06/22 00:00,female,19-25,iOS,56347,12641,6,201,6,193
10/06/22 00:00,female,26-45,Android,102509,23139,47,850,46,469
10/06/22 00:00,female,26-45,iOS,58209,12908,2,395,2,189
10/06/22 00:00,female,46-65,Android,18781,4187,0,239,0,82
10/06/22 00:00,female,46-65,iOS,10082,2175,0,182,0,59
10/06/22 00:00,female,66+,Android,663,168,0,8,0,2
10/06/22 00:00,female,66+,iOS,371,81,0,12,0,6
10/06/22 00:00,male,14-18,Android,37442,8245,5909,3928,5541,3766
10/06/22 00:00,male,14-18,iOS,22511,5279,5,159,5,150
10/06/22 00:00,male,19-25,Android,85349,19168,3157,3128,2758,2822
10/06/22 00:00,male,19-25,iOS,45951,10172,10,232,10,224
10/06/22 00:00,male,26-45,Android,83240,18879,651,1227,558,652
10/06/22 00:00,male,26-45,iOS,44824,10141,11,299,10,145
10/06/22 00:00,male,46-65,Android,14729,3135,12,334,10,119
10/06/22 00:00,male,46-65,iOS,8029,1747,0,108,0,43
10/06/22 00:00,male,66+,Android,1106,248,0,8,0,6
10/06/22 00:00,male,66+,iOS,249,59,0,0,0,0
11/06/22 00:00,female,14-18,Android,45552,10206,115,537,112,486
11/06/22 00:00,female,14-18,iOS,26060,5638,5,222,5,191
11/06/22 00:00,female,19-25,Android,98789,21519,195,816,192,797
11/06/22 00:00,female,19-25,iOS,51685,11613,18,343,18,337
11/06/22 00:00,female,26-45,Android,102484,22386,77,919,75,568
11/06/22 00:00,female,26-45,iOS,53637,11801,15,421,13,265
11/06/22 00:00,female,46-65,Android,15432,3432,4,371,4,192
11/06/22 00:00,female,46-65,iOS,8425,1944,1,198,1,95
11/06/22 00:00,female,66+,Android,464,94,0,13,0,6
11/06/22 00:00,female,66+,iOS,133,25,0,17,0,7
11/06/22 00:00,male,14-18,Android,35231,7702,4457,2844,4306,2715
11/06/22 00:00,male,14-18,iOS,21230,4756,38,229,38,195
11/06/22 00:00,male,19-25,Android,84396,18400,3443,2964,3282,2808
11/06/22 00:00,male,19-25,iOS,45077,9741,29,297,28,292
11/06/22 00:00,male,26-45,Android,79968,17487,749,1482,647,937
11/06/22 00:00,male,26-45,iOS,40825,8868,29,448,27,286
11/06/22 00:00,male,46-65,Android,13862,3011,22,243,13,137
11/06/22 00:00,male,46-65,iOS,8761,1946,1,144,1,69
11/06/22 00:00,male,66+,Android,546,113,0,18,0,8
11/06/22 00:00,male,66+,iOS,526,89,0,5,0,2
12/06/22 00:00,female,14-18,Android,53364,11871,76,445,74,402
12/06/22 00:00,female,14-18,iOS,28629,6444,3,151,3,129
12/06/22 00:00,female,19-25,Android,112923,25123,92,570,91,558
12/06/22 00:00,female,19-25,iOS,58609,13141,8,227,7,223
12/06/22 00:00,female,26-45,Android,116633,26132,89,692,80,375
12/06/22 00:00,female,26-45,iOS,61009,13744,3,428,3,238
12/06/22 00:00,female,46-65,Android,19137,4279,3,322,3,150
12/06/22 00:00,female,46-65,iOS,10076,2236,0,116,0,48
12/06/22 00:00,female,66+,Android,538,143,0,0,0,0
12/06/22 00:00,female,66+,iOS,321,63,0,7,0,1
12/06/22 00:00,male,14-18,Android,44913,9884,5013,3585,4801,3350
12/06/22 00:00,male,14-18,iOS,25801,5925,5,149,5,121
12/06/22 00:00,male,19-25,Android,93564,20755,3186,3220,3067,3037
12/06/22 00:00,male,19-25,iOS,49676,11313,15,228,15,220
12/06/22 00:00,male,26-45,Android,92970,20631,755,1601,678,902
12/06/22 00:00,male,26-45,iOS,50403,11249,14,423,14,224
12/06/22 00:00,male,46-65,Android,15872,3603,11,230,7,98
12/06/22 00:00,male,46-65,iOS,9341,2183,1,175,1,56
12/06/22 00:00,male,66+,Android,372,87,0,5,0,3
12/06/22 00:00,male,66+,iOS,193,45,0,0,0,0
13/06/22 00:00,female,14-18,Android,49678,10995,82,427,81,356
13/06/22 00:00,female,14-18,iOS,26511,5904,4,176,4,137
13/06/22 00:00,female,19-25,Android,104766,23576,158,751,155,698
13/06/22 00:00,female,19-25,iOS,56299,12624,4,323,4,306
13/06/22 00:00,female,26-45,Android,105119,23179,47,749,44,414
13/06/22 00:00,female,26-45,iOS,58672,13077,4,358,4,193
13/06/22 00:00,female,46-65,Android,18375,4084,4,293,4,124
13/06/22 00:00,female,46-65,iOS,10247,2269,2,176,2,79
13/06/22 00:00,female,66+,Android,835,192,0,10,0,2
13/06/22 00:00,female,66+,iOS,280,70,0,6,0,2
13/06/22 00:00,male,14-18,Android,41399,9250,5714,3387,4850,3193
13/06/22 00:00,male,14-18,iOS,23128,5231,8,148,8,131
13/06/22 00:00,male,19-25,Android,85538,19157,3225,3131,2984,2842
13/06/22 00:00,male,19-25,iOS,50269,11291,12,200,11,180
13/06/22 00:00,male,26-45,Android,86914,19435,665,1497,569,790
13/06/22 00:00,male,26-45,iOS,48225,10643,14,372,13,199
13/06/22 00:00,male,46-65,Android,15459,3346,18,191,15,82
13/06/22 00:00,male,46-65,iOS,8354,1965,1,160,1,54
13/06/22 00:00,male,66+,Android,895,198,0,22,0,6
13/06/22 00:00,male,66+,iOS,186,46,0,7,0,2
14/06/22 00:00,female,14-18,Android,45404,9829,174,500,172,461
14/06/22 00:00,female,14-18,iOS,26136,5666,6,194,6,175
14/06/22 00:00,female,19-25,Android,102459,21970,193,668,192,653
14/06/22 00:00,female,19-25,iOS,54592,11795,15,369,15,366
14/06/22 00:00,female,26-45,Android,103679,22262,108,1016,102,629
14/06/22 00:00,female,26-45,iOS,53738,11536,9,412,9,264
14/06/22 00:00,female,46-65,Android,17958,3810,4,276,4,138
14/06/22 00:00,female,46-65,iOS,8759,1858,0,176,0,93
14/06/22 00:00,female,66+,Android,651,163,0,13,0,6
14/06/22 00:00,female,66+,iOS,308,62,0,17,0,8
14/06/22 00:00,male,14-18,Android,38560,8301,5100,3367,4863,3246
14/06/22 00:00,male,14-18,iOS,20309,4331,27,180,27,164
14/06/22 00:00,male,19-25,Android,78200,16614,3249,2823,3006,2675
14/06/22 00:00,male,19-25,iOS,45003,9529,41,232,35,222
14/06/22 00:00,male,26-45,Android,82391,17822,1090,1481,824,943
14/06/22 00:00,male,26-45,iOS,42768,9266,11,336,11,225
14/06/22 00:00,male,46-65,Android,14634,3035,9,265,8,154
14/06/22 00:00,male,46-65,iOS,7978,1749,1,150,1,72
14/06/22 00:00,male,66+,Android,501,118,0,7,0,3
14/06/22 00:00,male,66+,iOS,373,72,0,6,0,2
15/06/22 00:00,female,14-18,Android,44116,9258,86,449,84,413
15/06/22 00:00,female,14-18,iOS,23570,4960,5,154,5,144
15/06/22 00:00,female,19-25,Android,95655,20099,106,597,99,573
15/06/22 00:00,female,19-25,iOS,52639,11105,2,247,2,241
15/06/22 00:00,female,26-45,Android,99956,21129,56,810,54,432
15/06/22 00:00,female,26-45,iOS,51907,10901,3,355,3,184
15/06/22 00:00,female,46-65,Android,17229,3668,2,238,2,93
15/06/22 00:00,female,46-65,iOS,8731,1938,0,189,0,87
15/06/22 00:00,female,66+,Android,293,49,0,11,0,3
15/06/22 00:00,female,66+,iOS,372,89,0,4,0,2
15/06/22 00:00,male,14-18,Android,37215,7913,5872,3939,5326,3793
15/06/22 00:00,male,14-18,iOS,20075,4103,14,146,14,121
15/06/22 00:00,male,19-25,Android,80294,16987,3164,3232,3033,3016
15/06/22 00:00,male,19-25,iOS,45588,9417,18,224,17,215
15/06/22 00:00,male,26-45,Android,79515,17064,659,1533,586,808
15/06/22 00:00,male,26-45,iOS,42742,9060,8,353,8,154
15/06/22 00:00,male,46-65,Android,12972,2680,16,294,13,121
15/06/22 00:00,male,46-65,iOS,8285,1750,0,80,0,42
15/06/22 00:00,male,66+,Android,919,181,0,0,0,0
15/06/22 00:00,male,66+,iOS,221,37,0,3,0,2
16/06/22 00:00,female,14-18,Android,0,0,63,484,63,442
16/06/22 00:00,female,14-18,iOS,0,0,4,177,4,163
16/06/22 00:00,female,19-25,Android,0,0,119,663,115,629
16/06/22 00:00,female,19-25,iOS,0,0,2,214,2,212
16/06/22 00:00,female,26-45,Android,0,0,70,909,69,462
16/06/22 00:00,female,26-45,iOS,0,0,10,394,10,200
16/06/22 00:00,female,46-65,Android,0,0,4,240,2,96
16/06/22 00:00,female,46-65,iOS,0,0,0,219,0,84
16/06/22 00:00,female,66+,Android,0,0,0,15,0,4
16/06/22 00:00,female,66+,iOS,0,0,0,6,0,2
16/06/22 00:00,male,14-18,Android,0,0,5233,3569,5060,3394
16/06/22 00:00,male,14-18,iOS,0,0,14,161,14,156
16/06/22 00:00,male,19-25,Android,0,0,2913,2741,2487,2514
16/06/22 00:00,male,19-25,iOS,0,0,12,196,12,192
16/06/22 00:00,male,26-45,Android,0,0,1492,1455,867,758
16/06/22 00:00,male,26-45,iOS,0,0,19,351,17,175
16/06/22 00:00,male,46-65,Android,0,0,18,268,12,108
16/06/22 00:00,male,46-65,iOS,0,0,7,166,5,59
16/06/22 00:00,male,66+,Android,0,0,0,7,0,2
16/06/22 00:00,male,66+,iOS,0,0,0,8,0,2
